{
    "42": {
        "W1": {
            "n_trades": 0,
            "win_rate": 0.0,
            "wl_ratio": 0.0,
            "normal_return": 0.0,
            "comp_return": 0.0,
            "max_dd": 0.0,
            "kelly_fraction": 0.0,
            "comp_return_5x": 0.0,
            "max_dd_5x": 0.0,
            "comp_return_10x": 0.0,
            "max_dd_10x": 0.0,
            "optimal_leverage_constrained": 1.0,
            "optimal_return_constrained": 0.0,
            "optimal_dd_constrained": 0.0,
            "optimal_leverage_unconstrained": 1.0,
            "optimal_return_unconstrained": 0.0
        },
        "W2": {
            "n_trades": 14,
            "win_rate": 0.5,
            "wl_ratio": 2.2348420308231294,
            "normal_return": 0.0024796072661757928,
            "comp_return": 0.0024806464334286016,
            "max_dd": 0.0007999481515669866,
            "kelly_fraction": 0.27627054033172904,
            "comp_return_5x": 0.012423851312608036,
            "max_dd_5x": 0.004000438342052749,
            "comp_return_10x": 0.024898506207277737,
            "max_dd_10x": 0.0080025328902959,
            "optimal_leverage_constrained": 29.799999999999994,
            "optimal_return_constrained": 0.0747723701970846,
            "optimal_dd_constrained": 0.02386426501235634,
            "optimal_leverage_unconstrained": 29.799999999999994,
            "optimal_return_unconstrained": 0.0747723701970846
        },
        "W3": {
            "n_trades": 15,
            "win_rate": 0.6666666666666666,
            "wl_ratio": 1.4118072082609967,
            "normal_return": 0.0031537722723282307,
            "comp_return": 0.003156107876162828,
            "max_dd": 0.0008584064229502484,
            "kelly_fraction": 0.43056266366761764,
            "comp_return_5x": 0.015827109109328275,
            "max_dd_5x": 0.004290339046571844,
            "comp_return_10x": 0.031769991288937094,
            "max_dd_10x": 0.008576445422695771,
            "optimal_leverage_constrained": 29.799999999999994,
            "optimal_return_constrained": 0.09601860476993473,
            "optimal_dd_constrained": 0.025507858462208106,
            "optimal_leverage_unconstrained": 29.799999999999994,
            "optimal_return_unconstrained": 0.09601860476993473
        },
        "W4": {
            "n_trades": 17,
            "win_rate": 0.5294117647058824,
            "wl_ratio": 0.7070186667874405,
            "normal_return": -0.002654700349022357,
            "comp_return": -0.0026715304127975514,
            "max_dd": 0.005139447387583906,
            "kelly_fraction": 0.0,
            "comp_return_5x": -0.013689999102180495,
            "max_dd_5x": 0.02552590860166498,
            "comp_return_10x": -0.028191209549811136,
            "max_dd_10x": 0.050625572874196764,
            "optimal_leverage_constrained": 1.0,
            "optimal_return_constrained": -0.0026715304127975514,
            "optimal_dd_constrained": 0.005139447387583906,
            "optimal_leverage_unconstrained": 1.0,
            "optimal_return_unconstrained": -0.0026715304127975514
        },
        "W5": {
            "n_trades": 0,
            "win_rate": 0.0,
            "wl_ratio": 0.0,
            "normal_return": 0.0,
            "comp_return": 0.0,
            "max_dd": 0.0,
            "kelly_fraction": 0.0,
            "comp_return_5x": 0.0,
            "max_dd_5x": 0.0,
            "comp_return_10x": 0.0,
            "max_dd_10x": 0.0,
            "optimal_leverage_constrained": 1.0,
            "optimal_return_constrained": 0.0,
            "optimal_dd_constrained": 0.0,
            "optimal_leverage_unconstrained": 1.0,
            "optimal_return_unconstrained": 0.0
        }
    },
    "100": {
        "W1": {
            "n_trades": 0,
            "win_rate": 0.0,
            "wl_ratio": 0.0,
            "normal_return": 0.0,
            "comp_return": 0.0,
            "max_dd": 0.0,
            "kelly_fraction": 0.0,
            "comp_return_5x": 0.0,
            "max_dd_5x": 0.0,
            "comp_return_10x": 0.0,
            "max_dd_10x": 0.0,
            "optimal_leverage_constrained": 1.0,
            "optimal_return_constrained": 0.0,
            "optimal_dd_constrained": 0.0,
            "optimal_leverage_unconstrained": 1.0,
            "optimal_return_unconstrained": 0.0
        },
        "W2": {
            "n_trades": 11,
            "win_rate": 0.5454545454545454,
            "wl_ratio": 1.4292589302244845,
            "normal_return": 0.0014587716872879017,
            "comp_return": 0.0014574502302131531,
            "max_dd": 0.001493341776991325,
            "kelly_fraction": 0.22742577898459437,
            "comp_return_5x": 0.0072606468534868185,
            "max_dd_5x": 0.007452374784512608,
            "comp_return_10x": 0.014453998539665891,
            "max_dd_10x": 0.014868974420997246,
            "optimal_leverage_constrained": 29.799999999999994,
            "optimal_return_constrained": 0.04225363162932805,
            "optimal_dd_constrained": 0.04388931925257228,
            "optimal_leverage_unconstrained": 29.799999999999994,
            "optimal_return_unconstrained": 0.04225363162932805
        },
        "W3": {
            "n_trades": 0,
            "win_rate": 0.0,
            "wl_ratio": 0.0,
            "normal_return": 0.0,
            "comp_return": 0.0,
            "max_dd": 0.0,
            "kelly_fraction": 0.0,
            "comp_return_5x": 0.0,
            "max_dd_5x": 0.0,
            "comp_return_10x": 0.0,
            "max_dd_10x": 0.0,
            "optimal_leverage_constrained": 1.0,
            "optimal_return_constrained": 0.0,
            "optimal_dd_constrained": 0.0,
            "optimal_leverage_unconstrained": 1.0,
            "optimal_return_unconstrained": 0.0
        },
        "W4": {
            "n_trades": 7,
            "win_rate": 0.42857142857142855,
            "wl_ratio": 1.4067727520374058,
            "normal_return": 0.00042680654219562103,
            "comp_return": 0.0004014778484366932,
            "max_dd": 0.005003737092249902,
            "kelly_fraction": 0.02237322022471383,
            "comp_return_5x": 0.0015009484321220068,
            "max_dd_5x": 0.02491507273683964,
            "comp_return_10x": 0.001737125964587749,
            "max_dd_10x": 0.04957175901388193,
            "optimal_leverage_constrained": 8.399999999999999,
            "optimal_return_constrained": 0.0017989662816157992,
            "optimal_dd_constrained": 0.04170966631878837,
            "optimal_leverage_unconstrained": 8.399999999999999,
            "optimal_return_unconstrained": 0.0017989662816157992
        },
        "W5": {
            "n_trades": 10,
            "win_rate": 0.4,
            "wl_ratio": 1.9036757972056788,
            "normal_return": 0.0010893150920792936,
            "comp_return": 0.001082474356175478,
            "max_dd": 0.0029709870122240746,
            "kelly_fraction": 0.0848202824868009,
            "comp_return_5x": 0.005275144864933967,
            "max_dd_5x": 0.014828351769766332,
            "comp_return_10x": 0.010205429458437276,
            "max_dd_10x": 0.029589215318408447,
            "optimal_leverage_constrained": 29.799999999999994,
            "optimal_return_constrained": 0.026290078914704695,
            "optimal_dd_constrained": 0.08734656434889904,
            "optimal_leverage_unconstrained": 29.799999999999994,
            "optimal_return_unconstrained": 0.026290078914704695
        }
    },
    "777": {
        "W1": {
            "n_trades": 0,
            "win_rate": 0.0,
            "wl_ratio": 0.0,
            "normal_return": 0.0,
            "comp_return": 0.0,
            "max_dd": 0.0,
            "kelly_fraction": 0.0,
            "comp_return_5x": 0.0,
            "max_dd_5x": 0.0,
            "comp_return_10x": 0.0,
            "max_dd_10x": 0.0,
            "optimal_leverage_constrained": 1.0,